Wed Nov 19 17:22:51 CST 2014
Sat Nov 22 23:00:10 CST 2014
Sun Nov 23 23:00:13 CST 2014
Mon Dec  1 23:00:57 CST 2014
Tue Dec  2 23:00:27 CST 2014
Sat Dec 13 23:00:23 CST 2014
Mon Dec 15 23:00:20 CST 2014
Wed Dec 17 23:00:19 CST 2014
Thu Dec 18 23:00:23 CST 2014
Sat Dec 20 23:00:38 CST 2014
Sun Dec 21 23:01:45 CST 2014
Sun Dec 28 23:00:53 CST 2014
Mon Dec 29 23:00:09 CST 2014
Tue Dec 30 23:00:13 CST 2014
Tue Jan  6 23:00:26 CST 2015
Sat Jan 24 23:00:11 CST 2015
Fri Jan 30 23:00:26 CST 2015
Sat Jan 31 23:00:20 CST 2015
Sun Feb  1 23:00:14 CST 2015
Fri Feb  6 23:00:12 CST 2015
Sat Feb  7 23:00:12 CST 2015
Mon Feb 16 23:00:11 CST 2015
Tue Feb 17 23:00:09 CST 2015
Wed Feb 18 23:00:13 CST 2015
Thu Feb 19 23:00:10 CST 2015
Fri Feb 20 23:00:12 CST 2015
Sat Feb 21 23:00:10 CST 2015
Sun Feb 22 23:00:13 CST 2015
Mon Feb 23 23:00:11 CST 2015
Tue Feb 24 23:00:11 CST 2015
Sun Mar  1 23:00:10 CST 2015
Wed Mar  4 23:00:09 CST 2015
Sat Mar  7 23:00:08 CST 2015
Mon Mar  9 23:00:09 CST 2015
Tue Mar 10 23:00:12 CST 2015
Wed Mar 11 23:00:09 CST 2015
Thu Mar 12 23:00:10 CST 2015
Fri Mar 13 23:00:09 CST 2015
Sat Mar 14 23:00:09 CST 2015
Sun Mar 15 23:00:11 CST 2015
Mon Mar 16 23:00:21 CST 2015
Tue Mar 17 23:00:08 CST 2015
Thu Mar 19 23:01:20 CST 2015
Mon Mar 30 23:00:17 CST 2015
Wed Apr  1 23:00:12 CST 2015
Thu Apr  2 23:00:13 CST 2015
Fri Apr  3 23:00:11 CST 2015
Sat Apr  4 23:00:09 CST 2015
Sun Apr  5 23:00:23 CST 2015
Sun Apr 12 23:00:09 CST 2015
Mon Apr 13 23:00:12 CST 2015
Tue Apr 14 23:00:10 CST 2015
Thu Apr 23 23:00:15 CST 2015
Fri Apr 24 23:00:10 CST 2015
Sat Apr 25 23:00:09 CST 2015
Sun Apr 26 23:00:09 CST 2015
Tue Apr 28 23:00:10 CST 2015
Sun May  3 23:00:11 CST 2015
Mon May  4 23:00:13 CST 2015
Wed May  6 23:00:11 CST 2015
Thu May  7 23:00:09 CST 2015
Fri May  8 23:00:10 CST 2015
Sat May  9 23:00:14 CST 2015
Tue May 12 23:00:10 CST 2015
Wed May 13 23:00:12 CST 2015
Thu May 14 23:00:12 CST 2015
Fri May 15 23:00:13 CST 2015
Sat May 23 23:00:08 CST 2015
Sun May 24 23:00:20 CST 2015
Mon May 25 23:00:10 CST 2015
Tue May 26 23:00:12 CST 2015
Wed May 27 23:00:11 CST 2015
Thu May 28 23:00:11 CST 2015
Fri May 29 23:00:08 CST 2015
Sat May 30 23:00:10 CST 2015
Sun May 31 23:00:10 CST 2015
Sun Jun  7 23:00:09 CST 2015
Fri Jun 12 23:00:11 CST 2015
Tue Jun 16 23:00:08 CST 2015
Wed Jun 17 23:00:28 CST 2015
Thu Jun 18 23:00:12 CST 2015
Fri Jun 19 23:00:13 CST 2015
Sat Jun 20 23:00:08 CST 2015
Sun Jun 21 23:00:15 CST 2015
Mon Jun 22 23:00:20 CST 2015
Tue Jun 23 23:00:16 CST 2015
Wed Jun 24 23:00:47 CST 2015
Thu Jun 25 23:00:10 CST 2015
Fri Jun 26 23:00:42 CST 2015
Sat Jun 27 23:00:45 CST 2015
Sun Jun 28 23:00:18 CST 2015
Mon Jun 29 23:00:11 CST 2015
Sat Jul  4 23:00:44 CST 2015
Sun Jul  5 23:00:11 CST 2015
Mon Jul  6 23:00:09 CST 2015
Tue Jul  7 23:00:22 CST 2015
Wed Jul  8 23:00:21 CST 2015
Fri Jul 10 23:00:18 CST 2015
Sat Jul 11 23:00:07 CST 2015
Sun Jul 12 23:00:08 CST 2015
Mon Jul 13 23:00:21 CST 2015
Tue Jul 21 23:00:24 CST 2015
Wed Jul 22 23:00:12 CST 2015
Thu Jul 23 23:00:12 CST 2015
Fri Jul 24 23:00:39 CST 2015
Sun Jul 26 23:00:16 CST 2015
Sun Aug  2 23:00:09 CST 2015
Sat Aug  8 23:00:20 CST 2015
Sun Aug  9 23:00:46 CST 2015
Mon Aug 10 23:00:11 CST 2015
Tue Aug 11 23:00:15 CST 2015
Wed Aug 12 23:00:13 CST 2015
Thu Aug 13 23:00:19 CST 2015
Fri Aug 14 23:00:11 CST 2015
Sat Aug 15 23:00:16 CST 2015
Sun Aug 16 23:00:10 CST 2015
Mon Aug 17 23:00:13 CST 2015
Tue Aug 18 23:00:12 CST 2015
Wed Aug 19 23:00:30 CST 2015
Fri Aug 21 23:00:16 CST 2015
Sat Aug 22 23:00:14 CST 2015
Sun Aug 23 23:00:11 CST 2015
Mon Aug 24 23:01:21 CST 2015
Tue Aug 25 23:00:16 CST 2015
Wed Aug 26 23:00:23 CST 2015
Sat Aug 29 23:00:11 CST 2015
Sun Aug 30 23:00:16 CST 2015
Mon Aug 31 23:00:23 CST 2015
Tue Sep  1 23:00:12 CST 2015
Wed Sep  2 23:00:13 CST 2015
Thu Sep  3 23:00:11 CST 2015
Fri Sep  4 23:00:09 CST 2015
Sat Sep  5 23:00:18 CST 2015
Sun Sep  6 23:00:21 CST 2015
Mon Sep  7 23:00:13 CST 2015
Sat Sep 12 23:00:12 CST 2015
Sun Sep 13 23:00:17 CST 2015
Mon Sep 14 23:00:14 CST 2015
Wed Sep 16 23:00:16 CST 2015
Thu Sep 17 23:00:18 CST 2015
Fri Sep 18 23:00:17 CST 2015
Sat Sep 19 23:00:09 CST 2015
Sun Sep 20 23:00:12 CST 2015
Mon Sep 21 23:00:13 CST 2015
Wed Sep 23 23:00:20 CST 2015
Fri Sep 25 23:00:12 CST 2015
Thu Oct  1 23:00:11 CST 2015
Fri Oct  2 23:00:36 CST 2015
Sat Oct  3 11:58:22 CST 2015
Sun Oct  4 23:00:31 CST 2015
Mon Oct  5 23:00:12 CST 2015
Wed Oct  7 23:00:24 CST 2015
Sat Oct 10 23:00:13 CST 2015
Sun Oct 11 23:00:09 CST 2015
Mon Oct 12 23:00:09 CST 2015
Tue Oct 13 23:00:14 CST 2015
Wed Oct 14 23:01:02 CST 2015
Thu Oct 15 23:00:17 CST 2015
Mon Oct 19 23:00:12 CST 2015
Wed Oct 28 23:00:16 CST 2015
Thu Oct 29 23:00:36 CST 2015
Sun Nov  8 23:00:12 CST 2015
Sat Nov 14 23:00:21 CST 2015
Sun Nov 15 23:00:15 CST 2015
Fri Nov 20 23:00:14 CST 2015
Sat Nov 21 23:00:13 CST 2015
Sat Nov 28 23:00:08 CST 2015
Wed Dec  9 23:55:24 CST 2015
Thu Dec 10 23:55:12 CST 2015
Fri Dec 11 23:55:11 CST 2015
Sat Dec 12 23:55:10 CST 2015
Sun Dec 13 23:55:09 CST 2015
Mon Dec 14 23:55:13 CST 2015
Wed Dec 16 23:55:11 CST 2015
Wed Dec 23 23:55:11 CST 2015
Fri Dec 25 00:01:20 CST 2015
Sat Dec 26 23:55:09 CST 2015
Sun Dec 27 23:55:08 CST 2015
Mon Dec 28 23:50:10 CST 2015
Fri Jan  1 23:50:10 CST 2016
Sat Jan  2 23:50:10 CST 2016
Tue Jan  5 23:50:11 CST 2016
Wed Jan 27 23:50:12 CST 2016
Thu Jan 28 23:50:12 CST 2016
Fri Jan 29 23:50:10 CST 2016
Wed Feb  3 23:50:13 CST 2016
Sun Feb  7 23:50:09 CST 2016
Mon Feb  8 23:50:14 CST 2016
Tue Feb  9 23:50:26 CST 2016
Wed Feb 10 23:50:08 CST 2016
Thu Feb 11 23:50:11 CST 2016
Fri Feb 12 23:50:10 CST 2016
Sat Feb 13 23:50:11 CST 2016
Sun Feb 14 23:50:09 CST 2016
Wed Feb 17 23:50:14 CST 2016
Thu Feb 18 23:50:17 CST 2016
Sat Feb 20 23:50:09 CST 2016
Sun Feb 21 23:50:08 CST 2016
Mon Feb 22 23:50:10 CST 2016
Tue Feb 23 23:50:08 CST 2016
Wed Feb 24 23:50:09 CST 2016
Thu Feb 25 23:50:12 CST 2016
Fri Feb 26 23:50:08 CST 2016
Sat Feb 27 23:50:08 CST 2016
Sun Feb 28 23:50:18 CST 2016
Mon Feb 29 23:50:08 CST 2016
Tue Mar  1 23:50:14 CST 2016
Wed Mar  2 23:50:10 CST 2016
Fri Mar  4 23:50:09 CST 2016
Sat Mar  5 23:50:13 CST 2016
Sun Mar  6 23:50:08 CST 2016
Mon Mar  7 23:50:11 CST 2016
Tue Mar  8 23:50:12 CST 2016
Wed Mar  9 23:50:15 CST 2016
Thu Mar 10 23:50:19 CST 2016
Fri Mar 11 23:50:18 CST 2016
Sat Mar 12 23:50:18 CST 2016
Sun Mar 13 23:50:10 CST 2016
Mon Mar 14 23:50:19 CST 2016
Tue Mar 15 23:50:19 CST 2016
Wed Mar 16 23:50:20 CST 2016
Sat Mar 19 23:50:22 CST 2016
Tue Mar 22 23:50:13 CST 2016
Wed Mar 23 23:50:17 CST 2016
Thu Mar 24 23:50:16 CST 2016
Fri Mar 25 23:50:14 CST 2016
Sat Mar 26 23:50:19 CST 2016
Sun Mar 27 23:50:59 CST 2016
Sat Apr  2 23:50:20 CST 2016
Sun Apr  3 23:50:23 CST 2016
Mon Apr  4 23:50:15 CST 2016
Tue Apr  5 23:50:08 CST 2016
Sat Apr  9 23:50:09 CST 2016
Sun Apr 10 23:50:10 CST 2016
Thu Apr 14 23:50:13 CST 2016
Fri Apr 22 23:50:17 CST 2016
Sat Apr 23 23:50:09 CST 2016
Sun Apr 24 23:50:12 CST 2016
Mon Apr 25 23:53:23 CST 2016
Fri Apr 29 23:50:12 CST 2016
Sat Apr 30 23:50:18 CST 2016
Wed May  4 23:50:58 CST 2016
Thu May  5 23:50:10 CST 2016
Fri May  6 23:50:14 CST 2016
Sat May  7 23:50:19 CST 2016
Fri May 13 23:50:14 CST 2016
Sat May 14 23:50:16 CST 2016
Sun May 15 23:50:11 CST 2016
Mon May 16 23:50:14 CST 2016
Wed May 18 23:50:16 CST 2016
Thu May 19 23:50:21 CST 2016
Fri May 20 23:50:16 CST 2016
Sat May 21 23:50:21 CST 2016
Sun May 22 23:50:17 CST 2016
Mon May 23 23:50:20 CST 2016
Tue May 24 23:50:13 CST 2016
Wed May 25 23:50:16 CST 2016
Thu May 26 23:50:27 CST 2016
Fri May 27 23:50:16 CST 2016
Sat May 28 23:50:13 CST 2016
Sun May 29 23:50:12 CST 2016
Mon May 30 23:50:17 CST 2016
Thu Jun  2 23:50:14 CST 2016
Fri Jun  3 23:50:21 CST 2016
Sat Jun  4 23:50:17 CST 2016
Sun Jun  5 23:50:21 CST 2016
Mon Jun  6 23:50:17 CST 2016
Tue Jun  7 23:50:17 CST 2016
Wed Jun  8 23:50:18 CST 2016
Thu Jun  9 23:50:12 CST 2016
Fri Jun 10 23:50:40 CST 2016
Sat Jun 11 23:50:13 CST 2016
Sun Jun 12 23:50:14 CST 2016
Mon Jun 13 23:50:22 CST 2016
Thu Jun 16 23:50:18 CST 2016
Fri Jun 17 23:50:16 CST 2016
Sat Jun 18 23:50:18 CST 2016
Sun Jun 19 23:50:11 CST 2016
Mon Jun 20 23:50:15 CST 2016
Tue Jun 21 23:50:15 CST 2016
Wed Jun 22 23:50:18 CST 2016
Thu Jun 23 23:50:15 CST 2016
Fri Jun 24 23:50:16 CST 2016
Sat Jun 25 23:50:19 CST 2016
Sun Jun 26 23:50:12 CST 2016
Mon Jun 27 23:50:11 CST 2016
Tue Jun 28 23:50:14 CST 2016
